"","name","phone","addr","loc","link"
"1","Howard Johnson Hotels","(334) 285-3420","2585 Cobb Hill Pl","Prattville, AL 36066","https://www.wyndhamhotels.com/hojo/prattville-alabama/howard-johnson-prattville/overview"
"2","An Otter's Cove B & B","(907) 747-4529","3211 Halibut Point Rd","Sitka, AK 99835","http://www.ottercovebandb.com"
"3","Bidarka Inn - Best Western","(907) 235-8148","575 Sterling Hwy","Homer, AK 99603","http://www.bidarkainn.com"
"4","Big Bear Bed & Breakfast","(907) 277-8189","3401 Richmond Ave","Anchorage, AK 99508",NA
"5","Alyeska Ski Club","(907) 783-2160","PO Box 1070","Girdwood, AK 99587",NA
"6","Yukon Lodge","(907) 543-5443","178 East Ave","Bethel, AK 99559","http://freemasonry.bcy.ca"
"7","Anchorage Grand Hotel","(907) 929-8888","505 W 2nd Ave","Anchorage, AK 99501","http://www.anchoragegrand.com"
"8","Travelodge by Wyndham Juneau","(907) 789-9700","9200 Glacier Hwy","Juneau, AK 99801","http://www.travelodge.com"
"9","Yakutat Lodge","(907) 784-3232","989 Airport Rd","Yakutat, AK 99689","http://www.yakutatlodge.com"
"10","Anchorage Uptown Suites The","(907) 279-4232","234 E 2nd Ave","Anchorage, AK 99501","http://www.anchorageuptownsuites.com"
"11","Beach Roadhouse","(907) 766-3060","1 Mile Beach Rd","Haines, AK 99827","http://beachroadhouse.com"
"12","Kenai Princess Wilderness Lodge","(907) 595-1425","17245 Frontier Cir","Cooper Landing, AK 99572","http://www.princessalaskalodges.com"
"13","Dandy Cabins of Homer","(907) 235-3839","1571 Lakeshore Dr","Homer, AK 99603","http://www.dandycabins.com"
"14","Kenai Riverfront B & Brv Pk","(907) 262-1717","36193 Douglas Dr","Soldotna, AK 99669","http://www.kenairiverfront.com"
"15","Pike's Waterfront Lodge","(907) 456-4500","1850 Hoselton Rd","Fairbanks, AK 99709","http://www.pikeslodge.com"
"16","Courtyard by Marriott","(907) 245-0322","4901 Spenard Rd","Anchorage, AK 99517","https://www.marriott.com/en-us/hotels/anccy-courtyard-anchorage-airport/overview"
"17","Alaska Creekside Cabins","(907) 746-7632","3200 N Dolly Varden Dr","Wasilla, AK 99654","http://www.alaskacreeksidecabins.com"
"18","Arctic Bed & Breakfast","(907) 272-1853","2607 Arctic Blvd","Anchorage, AK 99503",NA
"19","Black Bear Inn","(907) 225-4353","5528 N Tongass Hwy","Ketchikan, AK 99901","http://www.stayinalaska.com"
"20","Rooney's Roost Bed & Breakfast","(907) 874-2026","206 Mckinnon St","Wrangell, AK 99929",NA
"21","Terry Motel","(479) 274-8743","4020 Midland Blvd","Fort Smith, AR 72904",NA
"22","Ashley Inn","(870) 364-4911","201 Unity Rd","Crossett, AR 71635","http://www.ashleyinnofcrossett.com"
"23","Sands Central Inn","(501) 624-1258","1525 Central Ave","Hot Springs National Park, AR 71901",NA
"24","Royal Inn","(870) 762-1136","1214 S Division St","Blytheville, AR 72315",NA
"25","Sands Motel","(870) 228-9186","1086 W Highway 49","West Helena, AR 72390",NA
"26","Budget Motel","(650) 966-5956","1028 W El Camino Real","Mountain View, CA 94040","http://www.budgetmotelmv.net"
"27","Terrace Inn & Suites","(510) 730-7340","10869 San Pablo Ave","El Cerrito, CA 94530","http://www.terraceinnselcerrito.com"
"28","Rivera Inn & Suites Motel","(562) 268-2991","9118 Slauson Ave","Pico Rivera, CA 90660","http://www.magnusonhotels.com/Rivera-Motel"
"29","Ana Mesa Inn","(714) 426-9570","3597 Harbor Blvd","Costa Mesa, CA 92626","https://www.yellowpages.com/costa-mesa-ca/mip/ana-mesa-inn-538206111?lid=1002004678281"
"30","Terrace Inns & Suites","(510) 255-6755","10869 San Pablo Ave","El Cerrito, CA 94530","http://www.terraceinnselcerrito.com"
"31","Lincoln Inn","(310) 803-9063","2447 Lincoln Blvd","Venice, CA 90291","https://www.yellowpages.com/venice-ca/mip/lincoln-inn-723160"
"32","Roadway Inn","(530) 342-9472","1717 Park Ave","Chico, CA 95928","http://www.rodewayinnchico.com"
"33","BW Park Crest","(831) 372-4576","1100 Munras Ave","Monterey, CA 93940","http://www.bestwestern.com/content/best-western/en_US/booking-path/hotel-details.05067.html?propertyCode=05067"
"34","Chardonnay  Lodge","(707) 255-4891","2640 Jefferson St","Napa, CA 94558","http://www.chardonnaylodge.net"
"35","Beachwood Motel","(760) 722-3866","210 Surfrider Way","Oceanside, CA 92054",NA
"36","InterContinental San Francisco","(415) 549-4123","888 Howard St","San Francisco, CA 94103","https://www.intercontinental.com/redirect?path=hd&brandCode=ic&hotelCode=sfohb&_PMID=99601036&cm_mmc=ypm"
"37","Lodge  House Inn The","(559) 707-4181","801 E San Joaquin","Avenal, CA 93204",NA
"38","Inns Of California","(831) 424-1741","1215 De La Torre St","Salinas, CA 93905","http://www.innsofcal.com/salinas.htm"
"39","Americas Best Value Inn & Suites","(408) 827-1077","485 S Main St","Milpitas, CA 95035","http://www.abvisanjose.com"
"40","Rodeway Inn & Suites","(844) 701-6600","71809 29 Palms Hwy","Twentynine Palms, CA 92277","https://www.hiexpress.com/redirect?path=hd&brandCode=ex&hotelCode=tnpma&_PMID=99601036&setPMCookies=true&cm_mmc=mdpr-_-dexess-_-ex-_-TNPMA&glat=MEDI"
"41","InterContinental The Clement Monterey","(831) 574-2463","750 Cannery Row","Monterey, CA 93940","https://www.intercontinental.com/redirect?path=hd&brandCode=ic&hotelCode=mryha&_PMID=99601036&cm_mmc=ypm"
"42","InterContinental Mark Hopkins San Francisco","(628) 900-5957","999 California St","San Francisco, CA 94108","https://www.intercontinental.com/redirect?path=hd&brandCode=ic&hotelCode=sfoha&_PMID=99601036&cm_mmc=ypm"
"43","Silver Spruce Inn","(970) 456-1697","162 W 6th St","Glenwood Springs, CO 81601","http://www.reservations.com/hotel/silver-spruce-motel?gclid=CNXj9tzZoM8CFdgJgQodgyILzA"
"44","MoJo's Inn","(970) 345-6656","625 E 1st St","Akron, CO 80720","http://mojosinn.com"
"45","Rodeway Inn-Glenwood Springs","(970) 989-2131","52039 Hwy 6","Glenwood Springs, CO 81601","http://www.rodewayinn.com/hotel/co213"
"46","Apex Mountain Management","(970) 731-1318","6383 North Pagosa Boulevard","Pagosa Springs, CO 81147","http://www.apexmountainmanagement.com"
"47","avid hotels Denver Airport Area","(720) 897-6624","6785 N Argonne St","Denver, CO 80249","https://www.avidhotels.com/redirect?path=hd&brandCode=va&hotelCode=denav&_PMID=99601036&cm_mmc=ypm"
"48","EVEN Hotel Denver Tech Center-Englewood","(720) 912-5888","7380 S Clinton St","Englewood, CO 80112","https://www.evenhotels.com/redirect?path=hd&brandCode=vn&hotelCode=denew&_PMID=99601036&cm_mmc=ypm"
"49","EVEN Hotels Norwalk","(475) 755-6132","426 Main Avenue Route 7","Norwalk, CT 06851","https://www.evenhotels.com/redirect?path=hd&brandCode=vn&hotelCode=orqev&_PMID=99601036&cm_mmc=ypm"
"50","Siesta Motel","(860) 924-7531","2089 Berlin Tpke","Newington, CT 06111","http://213hospitality.com"
"51","USA Motel","(860) 956-5587","2611 Berlin Tpke","Newington, CT 06111",NA
"52","Windsor Towne House","(860) 688-6261","19 Maple Ave","Windsor, CT 06095",NA
"53","Almar Motel","(860) 529-8296","35 Arrow Rd","Wethersfield, CT 06109",NA
"54","Fifth Ave Motel","(860) 785-6958","1695 Berlin Tpke","Wethersfield, CT 06109","http://www.213hospitality.com"
"55","Super Eight Motel-Old Saybrook","(860) 399-6273","37 Spencer Plain Rd","Old Saybrook, CT 06475","http://www.super8.com/Super8/control/Booking/property_info?propertyId=02031&brandInfo=SE"
"56","Breakers","(203) 268-5595","75 Aspen Ln","Trumbull, CT 06611","http://www.thebreakers.com"
"57","Red Carpet Inn","(860) 350-2766","244 Kent Rd","New Milford, CT 06776",NA
"58","Windsor Motel","(860) 333-6486","345 Gold Star Hwy","Groton, CT 06340","http://www.magnusonhotels.com/Hotel-Details.cfm?pcode=M20033"
"59","Thames Inn & Marina","(860) 445-8111","193 Thames St","Groton, CT 06340","http://thamesinn.net"
"60","Executive Room Service","(203) 674-1695","780 Post Rd","Darien, CT 06820","http://execroom.com"
"61","Axia Management","(302) 674-2200","222 S Dupont Hwy","Dover, DE 19901",NA
"62","avid hotels Millsboro - Georgetown South","(302) 316-0631","30266 Commerce Dr","Millsboro, DE 19966","https://www.avidhotels.com/redirect?path=hd&brandCode=va&hotelCode=sbyav&_PMID=99601036&cm_mmc=ypm"
"63","Wilgus Associates Inc","(302) 539-7511","32904 Coastal Hwy","Bethany Beach, DE 19930","http://www.wilgusassociates.com"
"64","Boardwalk Plaza Hotel","(302) 727-0187","2 Olive Ave","Rehoboth Beach, DE 19971","http://www.victoriasrestaurant.com"
"65","Berkshire Hathaway HomeServices Gallo Realty","(302) 227-6101","37230 Rehoboth Avenue Ext","Rehoboth Beach, DE 19971","http://www.gotogallo.com"
"66","Sleep Inn & Suites Rehoboth Beach","(302) 251-8540","18451 Coastal Hwy","Lewes, DE 19958","https://www.choicehotels.com/delaware/lewes/sleep-inn-hotels/de021/rates?source=yext"
"67","Jetset Travel an American Express Travel Representative","(302) 678-5050","222 S Dupont Hwy Ste 102","Dover, DE 19901","http://www.jetsettravel.biz"
"68","Crown Motel","(302) 328-7377","152 N Dupont Hwy","New Castle, DE 19720",NA
"69","Concord Towers Inc","(302) 456-5842","1201 Christiana Rd","Newark, DE 19713",NA
"70","Hotel Rehoboth","(302) 227-4300","247 Rehoboth Ave","Rehoboth Beach, DE 19971","https://www.hotelrehoboth.com"
"71","Travelodge","(302) 654-5544","1213 West Ave","New Castle, DE 19720","http://www.travelodge.com"
"72","Dover Downs Hotel & Conference","(302) 857-2140","1131 N Dupont Hwy","Dover, DE 19901","http://doverdowns.com"
"73","Adams Ocean Front Resort","(302) 227-3030","4 Read Ave","Dewey Beach, DE 19971","http://adamsoceanfront.com"
"74","Inn at Canal Square","(302) 644-3377","122 W Market St","Lewes, DE 19958","http://www.theinnatcanalsquare.com"
"75","Marriott Execustay","(302) 397-8323","902 N Market St Apt 1127","Wilmington, DE 19801",NA
"76","Summer Place Hotel","(302) 226-0766","30 Olive Ave","Rehoboth Beach, DE 19971","http://www.rehobothsummerplace.com"
"77","Red Mill Inn","(302) 645-9736","150 1st St","Lewes, DE 19958","http://www.redmillinn.com"
"78","Civic Inn-North","(850) 478-4663","8500 University Pkwy","Pensacola, FL 32514","http://sales.yellowpages.com/pensacola-fl/mip/civic-inn-3295160"
"79","Sunset Motel","(352) 796-3494","301 S Broad St","Brooksville, FL 34601","http://www.sunsetmotel.com"
"80","Queens Lodge Motel - Apartments","(561) 209-1436","3712 Broadway","West Palm Beach, FL 33407",NA
"81","Howard Johnson Inn","(772) 617-6586","1725 US Highway 1","Vero Beach, FL 32960","http://www.hojovb.com"
"82","InterContinental At Doral Miami","(786) 206-3318","2505 NW 87th Ave","Doral, FL 33172","https://www.intercontinental.com/redirect?path=hd&brandCode=ic&hotelCode=miahc&_PMID=99601036&cm_mmc=ypm"
"83","Discount Divers Bed and Breakfast","(305) 743-6054","10800 Overseas Hwy","Marathon, FL 33050","http://www.discountdiversbandb.com"
"84","Renaissance At The Gables","(305) 445-1313","2340 SW 32nd Ave","Miami, FL 33145","http://www.renaissanceatthegables.com"
"85","El Patio Motel","(561) 844-1307","3911 Broadway","West Palm Beach, FL 33407","https://www.fivestars.com"
"86","Action Keys Realty of the Florida Keys","(305) 745-1323","24814 US. highway 1, #5","Summerland Key, FL 33042","http://actionkeysrealty.com"
"87","TownePlace Suites by Marriott Columbus","(706) 223-1778","4534 Armour Road","Columbus, GA 31904","https://www.marriott.com/hotels/travel/csgts-towneplace-suites-columbus/?scid=45f93f1b-bd77-45c9-8dab-83b6a417f6fe"
"88","Budget Motel & Efficiencies","(912) 264-4266","3241 Glynn Ave","Brunswick, GA 31520",NA
"89","avid hotels Byron - Warner Robins","(844) 353-0976","104 Holiday Ct","Byron, GA 31008","https://www.avidhotels.com/redirect?path=hd&brandCode=va&hotelCode=mcnbn&_PMID=99601036&setPMCookies=true&cm_mmc=mdpr-_-dexess-_-va-_-MCNBN&glat=MEDI"
"90","Scottish Inn","(770) 603-7300","599 Battlecreek Rd","Jonesboro, GA 30236",NA
"91","InterContinental Buckhead Atlanta","(470) 731-4338","3315 Peachtree Rd NE","Atlanta, GA 30326","https://www.intercontinental.com/redirect?path=hd&brandCode=ic&hotelCode=atlbh&_PMID=99601036&cm_mmc=ypm"
"92","Albany 8 Inn","(229) 435-2151","905 E Oglethorpe Blvd","Albany, GA 31705","http://www.albany8inn.com"
"93","Courtyard by Marriott Columbus","(706) 940-3893","3501 Courtyard Way","Columbus, GA 31909","https://www.marriott.com/hotels/travel/csgch-courtyard-columbus/?scid=45f93f1b-bd77-45c9-8dab-83b6a417f6fe"
"94","Breakers Hotel The","(808) 923-3181","250 Beach Walk","Honolulu, HI 96815","https://www.breakers-hawaii.com/"
"95","Breakers Hotel The","(844) 318-1158","250 Beach Walk","Honolulu, HI 96815","https://www.breakers-hawaii.com"
"96","Breakers Hotel The","(808) 923-8894","250 Beach Walk","Honolulu, HI 96815","http://www.breakers-hawaii.com"
"97","Mana Kai Maui Resort","(808) 879-1561","2960 S Kihei Rd","Kihei, HI 96753","http://www.manakaimaui.com/"
"98","Quam Properties Hawaii Inc","(808) 665-1315","5095 Napilihau St","Lahaina, HI 96761","https://www.quamproperties.com"
"99","Manago Hotel","(808) 323-2642","82-6151 Mamalahoa Hwy","Captain Cook, HI 96704","http://www.managohotel.net"
"100","Motel Lani","(808) 245-2965","4240 Rice St","Lihue, HI 96766",NA
"101","Go Go SHUTTLE","(808) 436-0005","277 N Vineyard Blvd","Honolulu, HI 96817","http://www.gogoshuttle.net"
"102","Imperial Hawaii Resort at Waikiki The","(808) 923-1827","205 Lewers St","Honolulu, HI 96815","http://www.imperialofwaikiki.com"
"103","Seaside Hotels Hawaii","(808) 737-5800","3660 Waialae Ave Ste 210","Honolulu, HI 96816","http://www.hiloseasidehotel.com"
"104","SunQuest Vacations","(808) 329-6438","77-6435 Kuakini Hwy","Kailua Kona, HI 96740","http://www.sunquest-hawaii.com"
"105","The ‘Okina, Autograph Collection","(808) 922-6600","2299 Kuhio Ave","Honolulu, HI 96815","http://www.marriott.com/hotels/travel/hnlak-the-%E2%80%98okina-autograph-collection"
"106","Ho'oilo House","(808) 667-6669","Lahaina 96761","Lahaina, HI 96761","http://www.hooilohouse.com"
"107","Kuhio Ebbtide Development Inc","(808) 926-6967","2462 Kuhio Ave","Honolulu, HI 96815",NA
"108","Aston at Papakea Resort","(808) 665-0880","3543 Lower Honoapiilani Rd","Lahaina, HI 96761","https://www.aquaaston.com/hotels/aston-at-papakea-resort?utm_source=yext&utm_medium=local&utm_campaign=yext"
"109","Kona Hotel","(808) 324-1155","76-5908 Mamalahoa Hwy","Holualoa, HI 96725",NA
"110","Courtyard by Marriott","(808) 954-4000","400 Royal Hawaiian Ave","Honolulu, HI 96815","http://www.marriott.com/hotels/travel/hnlow-courtyard-waikiki-beach/?scid=bb1a189a-fec3-4d19-a255-54ba596febe2"
"111","Best Western The Plaza Hotel","(808) 836-3636","3253 N Nimitz Hwy","Honolulu, HI 96819","https://www.bestwestern.com/en_US/book/hotel-rooms.12008.html?iata=00171890&ssob=BLBWI0003G&cid=BLBWI0003G:yext:website:12008"
"112","Marine Surf Waikiki","(808) 923-0277","364 Seaside Ave","Honolulu, HI 96815",NA
"113","Resort Association Partners","(808) 885-9208","68-150 Hoohana St","Kamuela, HI 96743",NA
"114","Diamond Head Beach Hotel & Residences","(808) 791-2923","2947 Kalakaua Ave","Honolulu, HI 96815","http://dhbhsuites.com/?utm_source=Yext%20GMB&utm_medium=Organic&utm_campaign=Yext"
"115","Alii Kai Resort","(808) 445-1116","3830 Edward Rd","Princeville, HI 96722","http://aliikairesort.weebly.com"
"116","Hawaiian Princess","(808) 696-1234","84-1021 Lahilahi Street","Waianae, HI 96792","http://www.hawaiianprincessmakaha.com"
"117","Hilo Reeds Bay Hotel","(808) 934-7277","175 Banyan Dr","Hilo, HI 96720","https://www.hiloreedsbayhotel.net"
"118","Loftin Rudet H","(808) 669-1168","5315 Lower Honoapiilani Rd","Lahaina, HI 96761",NA
"119","Wailea Ekahi","(808) 868-4050","3300 Wailea Alanui Dr","Kihei, HI 96753","http://ekahiaoao.com"
"120","Four  Seasons Storage1","(208) 481-5416","20 Tyler Dr","Bellevue, ID 83313",NA
"121","Chinden Motor Inn","(208) 322-8668","4678 W Chinden Blvd","Garden City, ID 83714","http://superpages.mydex.com/G--5F-l4xGw"
"122","Hilander Motel","(208) 587-5512","615 S 3rd W","Mountain Home, ID 83647","http://www.google.com/url?q=https://m.facebook.com/pages/Hilander-Motel/130965020313117&sa=U&ved=0ahUKEwiAmtbW_vrRAhUMlxQKHU5hAfgQ61gICygHMAA&usg=AQjCNew_lzGyRWKNdQCjVYDGlrHLSfw"
"123","All Travel Guru","(208) 635-0195","1210 N Idaho St","Post Falls, ID 83854","http://www.alltravelguru.com"
"124","Mac Donald's Hudson Bay Resort","(208) 683-2211","17813 E Hudson Bay Rd","Bayview, ID 83803","http://www.macdonaldsresort.com"
"125","Super 8","(208) 228-5132","215 West Main Street","Rexburg, ID 83440","http://super8.com"
"126","Alpine Inn","(779) 888-3923","4404 E State St","Rockford, IL 61108","http://alpineinnrockford.com"
"127","Glo Motel","(217) 442-2086","3617 N Vermilion St","Danville, IL 61832",NA
"128","Holiday International Travel","(618) 262-8808","730 N Market St","Mount Carmel, IL 62863","http://www.holidayinternational.com"
"129","InterContinental Chicago Magnificent Mile","(312) 319-4515","505 N Michigan Ave","Chicago, IL 60611","https://www.intercontinental.com/redirect?path=hd&brandCode=ic&hotelCode=ordha&_PMID=99601036&cm_mmc=ypm"
"130","Lafayette Hotel","(815) 964-5651","411 Mulberry St","Rockford, IL 61101",NA
"131","Crestview Motel","(309) 501-2121","1216 Peoria St","Washington, IL 61571",NA
"132","The Oliver Inn Bed & Breakfast","(574) 232-4545","630 W Washington St","South Bend, IN 46601","https://www.oliverinn.com"
"133","Econo Lodge","(812) 271-0051","220 S Commerce Dr","Seymour, IN 47274","https://www.choicehotels.com/indiana/seymour/econo-lodge-hotels/in405"
"134","Tazian Properties","(260) 497-9905","10104 Woodland Plaza Cv","Fort Wayne, IN 46825","https://www.tazianproperties.com"
"135","Waspy's Truck Stop","(833) 630-7086","2079 Highway 71","Audubon, IA 50025","http://www.waspystruckstop.com"
"136","Arrowhead Motel Lodge & Suites","(319) 576-7528","2520 Mount Pleasant St","Burlington, IA 52601","http://www.arrowheadia.com"
"137","Budget Inn And Suites","(512) 893-7861","5220 NE 14th St","Des Moines, IA 50313","http://bavarianinnhotel.com"
"138","La Quinta Inn & Suites Cedar Rapids","(515) 218-2471","1220 Park Ave","Des Moines, IA 50315","https://www.wyndhamhotels.com/baymont/des-moines-iowa/baymont-inn-and-suites-des-moines-airport/overview?CID=LC:BU:20160927:Yext:Local:SM-buwnct"
"139","Express Limousines","(319) 626-5466","840 Liberty Way","North Liberty, IA 52317","https://www.express-limos.com"
"140","avid hotels Cedar Rapids South","(319) 382-7292","645 America Dr SW","Cedar Rapids, IA 52404","https://www.avidhotels.com/redirect?path=hd&brandCode=va&hotelCode=cidav&_PMID=99601036&cm_mmc=ypm"
"141","avid hotels Sioux City - Downtown","(844) 342-1911","101 Court St","Sioux City, IA 51101","https://www.avidhotels.com/redirect?path=hd&brandCode=va&hotelCode=suxav&_PMID=99601036&setPMCookies=true&cm_mmc=mdpr-_-dexess-_-va-_-SUXAV&glat=MEDI"
"142","Broadway Motel","(515) 262-5659","5100 Hubbell Ave","Des Moines, IA 50317","http://www.broadwaymoteldesmoines.us"
"143","Travel Inn","(563) 243-4730","302 6th Ave S","Clinton, IA 52732",NA
"144","Lazy-R Motel","(620) 872-3043","710 E 5th St","Scott City, KS 67871",NA
"145","Budget Inn","(270) 683-7311","316 E 3rd St","Owensboro, KY 42303","http://www.budgetinn.com"
"146","avid hotels Lexington - Hamburg Area","(844) 814-3286","1810 Bryant Rd","Lexington, KY 40509","https://www.avidhotels.com/redirect?path=hd&brandCode=va&hotelCode=lexav&_PMID=99601036&setPMCookies=true&cm_mmc=mdpr-_-dexess-_-va-_-LEXAV&glat=MEDI"
"147","Rodeway Inn","(504) 708-1901","5733 Airline Drive","Metairie, LA 70003","http://www.travelinnmetairie.com"
"148","Riverside Hotel","(504) 391-0133","8280 Highway 23","Belle Chasse, LA 70037","http://www.riversidebellechasse.com"
"149","Best Western Minden Inn","(318) 377-1001","1411 Sibley Rd","Minden, LA 71055","http://www.bestwestern.com"
"150","InterContinental New Orleans","(504) 334-8376","444 Saint Charles Ave","New Orleans, LA 70130","https://www.intercontinental.com/redirect?path=hd&brandCode=ic&hotelCode=msyha&_PMID=99601036&cm_mmc=ypm"
"151","Travelers Inn","(207) 295-7022","130 Pleasant Street, U.S. Route 1","Brunswick, ME 04011","https://travelersinnme.com"
"152","Admiral Motel","(207) 883-9206","549 Us Route 1","Scarborough, ME 04074","http://www.admiralmotelmaine.com"
"153","Country Inn at the Mall","(207) 941-0200","936 Stillwater Ave","Bangor, ME 04401","http://www.countryinnatthemall.net"
"154","Mount Blue Motel","(207) 778-6004","454 Wilton Rd","Farmington, ME 04938","http://www.mountbluemotel.com"
"155","The Inn at Park Spring","(207) 774-1059","135 Spring St","Portland, ME 04101","http://www.innatparkspring.com"
"156","Woodwinds","(866) 430-4956","29 Hackmatack Ln","Tenants Harbor, ME 04860",NA
"157","Mollyockett Motel & Swim Spa","(207) 674-2345","1132 S Main St","Bryant Pond, ME 04219","http://www.cs-26.net"
"158","Gram Russo's Italian Restaurant","(207) 764-3321","116 Main St","Presque Isle, ME 04769","http://www.hampton.com"
"159","Winthrop Motel","(207) 377-2213","1385 Us Route 202","Winthrop, ME 04364",NA
"160","Flagship Inn","(207) 633-5094","200 Townsend Ave","Boothbay Harbor, ME 04538","http://www.boothbaylodging.com"
"161","The Harborage Inn","(207) 633-4640","75 Townsend Ave","Boothbay Harbor, ME 04538","http://www.harborageinn.com"
"162","Sea Captain's Inn","(207) 548-0919","8 Water St","Searsport, ME 04974",NA
"163","Pink Blossoms Resort","(207) 646-7397","154 Shore Rd","Ogunquit, ME 03907","http://www.pinkb.com"
"164","Sleepy Time Motel","(207) 783-1435","46 Danville Corner Rd","Auburn, ME 04210","http://www.sleepytimemotel.com"
"165","Benjamin F Packard House Bed & Breakfast","(207) 443-6004","45 Pearl St","Bath, ME 04530","http://www.benjaminfpackardhouse.com"
"166","Gorges Grant Hotel","(207) 646-7003","449 Main St","Ogunquit, ME 03907","http://www.ogunquit.com"
"167","Wildflower Inn","(207) 548-2112","2 Black Rd S","Searsport, ME 04974","http://www.wildflowerinnme.com"
"168","Newcastle Inn","(207) 563-5685","60 River Rd","Newcastle, ME 04553","http://www.newcastleinn.com"
"169","The Perennial Inn","(207) 369-0309","141 Martin Rd","Rumford, ME 04276","http://www.perennialinn.com"
"170","Doll Motel","(410) 999-0321","1300 Crain Hwy S","Glen Burnie, MD 21061","http://www.dollmotel.com"
"171","Kings Court Motel","(410) 592-8333","12200 Belair Rd","Kingsville, MD 21087","http://kingscourtmotel.com"
"172","Leominster Motor Inn","(978) 537-1741","665 Central St","Leominster, MA 01453","http://www.leominstermotorinn.com"
"173","avid hotels Boston Logan Airport - Revere","(617) 819-7412","405 American Legion Hwy","Revere, MA 02151","https://www.avidhotels.com/redirect?path=hd&brandCode=va&hotelCode=bosvi&_PMID=99601036&cm_mmc=ypm"
"174","InterContinental Boston","(617) 865-0931","510 Atlantic Ave","Boston, MA 02210","https://www.intercontinental.com/redirect?path=hd&brandCode=ic&hotelCode=bosha&_PMID=99601036&cm_mmc=ypm"
"175","Mariners House","(617) 227-3979","11 North Sqaure","Boston, MA 02113","http://marinershouse.org"
"176","Regency Inn","(989) 777-2121","5655 Dixie Hwy","Saginaw, MI 48601",NA
"177","Canterbury Chateau Bed & Breakfast","(810) 516-2120","5050 Kintyre Ln","Brighton, MI 48116","http://www.canterburychateau.com"
"178","Kuehn Rental","(507) 536-9800","5020 Hwy 52 N","Rochester, MN 55901","http://kuehnrentals.com"
"179","InterContinental Saint Paul Riverfront","(763) 297-3815","11 Kellogg Blvd E","Saint Paul, MN 55101","https://www.intercontinental.com/redirect?path=hd&brandCode=ic&hotelCode=mspsp&_PMID=99601036&cm_mmc=ypm"
"180","Blue Ribbon Business Travel International","(952) 835-2724","3601 W 76th St Suite 190","Edina, MN 55435","http://www.blueribbontravel.com"
"181","Americinn Motel & Suites St. Peter","(507) 519-0928","700 N Minnesota Ave","Saint Peter, MN 56082","http://www.americinn.com/hotels/MN/StPeter"
"182","InterContinental Minneapolis - St. Paul Airport","(952) 521-1685","5005 Glumack Drive","Minneapolis, MN 55450","https://www.intercontinental.com/redirect?path=hd&brandCode=ic&hotelCode=mspha&_PMID=99601036&cm_mmc=ypm"
"183","avid hotels Roseville - Minneapolis North","(844) 337-8741","3015 Centre Pointe Dr","Roseville, MN 55113","https://www.avidhotels.com/redirect?path=hd&brandCode=va&hotelCode=mspav&_PMID=99601036&setPMCookies=true&cm_mmc=mdpr-_-dexess-_-va-_-MSPAV&glat=MEDI"
"184","EVEN Hotel Rochester – Mayo Clinic Area","(507) 512-1880","101 11th Ave SW","Rochester, MN 55902","https://www.evenhotels.com/redirect?path=hd&brandCode=vn&hotelCode=rstev&_PMID=99601036&cm_mmc=ypm"
"185","Western Inn Express","(601) 894-1111","28077 Highway 28","Hazlehurst, MS 39083","http://www.magnusonhotels.com/hotel-detail.cfm?pcode=M19946"
"186","Rising Sun Bed and Breakfast","(601) 870-3159","303 N Pearl St","Natchez, MS 39120",NA
"187","B And B Extended Stay Lodging And Cabins","(228) 475-2136","4608 Old Saracennia Rd","Moss Point, MS 39563","http://bandbextendedstay.com"
"188","Hilty Inn Bed And Breakfast","(573) 378-2020","206 E Jasper St","Versailles, MO 65084","http://www.hiltyinnbedandbreakfast.com"
"189","Shelton Travel Service, Inc.","(816) 753-4888","4800 Belleview Ave","Kansas City, MO 64112","http://www.sheltontravel.com"
"190","Travelodge","(417) 336-3255","3245 Falls Pkwy","Branson, MO 65616","http://www.lodgeatthefalls.com"
"191","Port Polson Inn","(406) 883-5385","49825 US Highway 93","Polson, MT 59860","http://www.portpolsoninn.com"
"192","Sundowner Inn","(406) 201-7144","1018 Front St","Forsyth, MT 59327","https://www.forsythsundownerinn.co"
"193","Picture Court Motel","(406) 962-0175","4605 Sticka Cir","Billings, MT 59106",NA
"194","Heights Inn Motel","(406) 318-9490","1206 Main St","Billings, MT 59105","http://heightsinnmotel.com"
"195","Big Sky Motel","(406) 822-4831","103 4th Ave E","Superior, MT 59872","http://www.bigskymotel.net"
"196","Best Western Plus Butte Plaza Inn","(406) 565-4656","2900 Harrison Ave","Butte, MT 59701","https://www.bestwestern.com/en_US/book/hotel-details.27065.html?iata=00171890&ssob=BLBWI0003G&cid=BLBWI0003G:yext:website:27065"
"197","Comfort Inn Missoula","(406) 549-1800","4805 N Reserve St","Missoula, MT 59808","http://www.choicehotels.com/mt118"
"198","O-Z Motel","(406) 225-3364","114 N Main Ave","Boulder, MT 59632","http://sardogsus.org"
"199","Fairmont Hot Springs Resort","(406) 797-3241","1500 Fairmont Rd","Anaconda, MT 59711","http://www.fairmontmontana.com"
"200","Jorgenson's Inn & Suites","(406) 442-1770","1714 11th Avenue","Helena, MT 59601","http://www.jorgensonsinn.com"
"201","Capri Inn & Suites","(402) 228-8808","3721 N 6th St","Beatrice, NE 68310","http://www.capricomfort.com/"
"202","Arbor Day Farm / Lied Lodge & Conference Center","(402) 873-8733","2700 Sylvan Rd","Nebraska City, NE 68410","http://www.arbordayfarm.org"
"203","EVEN Hotels Omaha Downtown","(402) 915-0362","2220 Farnam St","Omaha, NE 68102","https://www.evenhotels.com/redirect?path=hd&brandCode=vn&hotelCode=omadt&_PMID=99601036&cm_mmc=ypm"
"204","Pony Express Lodge","(775) 358-7110","2406 Prater Way","Sparks, NV 89431","http://www.renosparkslodge.com"
"205","Manor Suites Inc.","(702) 208-9161","7230 Las Vegas Blvd S","Las Vegas, NV 89119","http://www.manorsuites.com"
"206","Silver Dollar Motor Lodge","(775) 323-6875","817 N Virginia St","Reno, NV 89501","http://www.renosparkslodge.com"
"207","Gateway Inn","(775) 747-4220","1275 Stardust St","Reno, NV 89503",NA
"208","Pony Express Lodge","(775) 621-5603","2406 Prater Way","Sparks, NV 89431","http://www.renosparkslodge.com"
"209","Comstock Lodge","(775) 847-0233","875 S C St","Virginia City, NV 89440","http://comstocklodge.com"
"210","EVEN Hotel Manchester Airport","(603) 836-0594","55 John E Devine Dr","Manchester, NH 03103","https://www.evenhotels.com/redirect?path=hd&brandCode=vn&hotelCode=mhtdd&_PMID=99601036&cm_mmc=ypm"
"211","Park View Inn","(603) 898-5632","109 S Broadway","Salem, NH 03079","http://www.parkviewinn.com"
"212","Henniker House","(603) 428-3198","10 Ramsdell Rd","Henniker, NH 03242","http://www.hennikerhouse.com"
"213","The Stone Gable Inn","(603) 926-6883","869 Lafayette Rd","Hampton, NH 03842",NA
"214","Slumber Manor Motel","(603) 964-5707","53 Lafayette Rd","North Hampton, NH 03862",NA
"215","Brownies Motel","(603) 926-2332","180 Ashworth Ave","Hampton, NH 03842","http://www.brownieshotelhamptonbeach.com"
"216","Mt. Coolidge Motel","(603) 745-8052","386 Us Route 3","Lincoln, NH 03251","http://www.mtcoolidgemotel.com"
"217","Eighteen-Thirty House Motel","(603) 478-3135","626 W Main St","Hillsborough, NH 03244",NA
"218","Hi-Vu Motor Inn","(603) 332-1230","157 Rochester Hill Rd","Rochester, NH 03867",NA
"219","Meadowlark Motor Court","(603) 745-2451","181 Daniel Webster Hwy","North Woodstock, NH 03262","http://www.meadowlarknh.com"
"220","America's Best Inns and Suites Portsmouth","(603) 431-4400","383 Woodbury Ave","Portsmouth, NH 03801",NA
"221","Henniker Motel","(603) 428-3536","61 Craney Pond Rd","Henniker, NH 03242","http://www.hennikermotel.com"
"222","The Lodge At Jackson Village","(603) 383-0999","RR 16","Jackson, NH 03846","https://www.ilovethelodge.com"
"223","Accommodations Plus","(603) 926-1867","9 Highland Ave","Hampton, NH 03842","http://helenbythebeach.com"
"224","Cinnaminson Motor Lodge","(856) 320-5406","1905 Route 130 S","Cinnaminson, NJ 08077","http://www.cinnaminsonmotel.com"
"225","Howard Johnson Expess Inn Blackwood","(856) 352-5318","832 N Black Horse Pike","Blackwood, NJ 08012","https://www.wyndhamhotels.com/hojo/blackwood-new-jersey/howard-johnson-express-inn-blackwood/overview?CID=LC:HJ:20160927:Rio:Local&iata=00065402"
"226","Richard I. Wood Agency","(732) 223-3333","535 E Main St","Manasquan, NJ 08736","http://www.woodagencyhomes.com"
"227","Beverly Courts Motel","(609) 952-6643","4272 Route 130","Willingboro, NJ 08046",NA
"228","Boundary Motel","(973) 584-4721","408 Us Highway 46","Mine Hill, NJ 07803","http://boundary-motel.edan.io"
"229","Chestnut Hill on the Delaware","(888) 333-2242","63 Church St","Milford, NJ 08848","http://www.chestnuthillnj.com"
"230","Port Royal Hotel","(609) 391-2429","6801 Ocean Ave","Wildwood Crest, NJ 08260","https://www.moreyspiers.com/hotels/port-royal"
"231","North Shore Inn","(609) 494-5001","806 Central Ave","Barnegat Light, NJ 08006","http://www.northshoreinn.com"
"232","Beauty Rest Motel","(732) 339-3176","520 Us Highway 1","Edison, NJ 08817","http://www.beautyrestmotel.com"
"233","Satellite Inn","(575) 404-1388","2224 N White Sands Blvd","Alamogordo, NM 88310","http://satelliteinnnm.com"
"234","Forest Home Cabins","(575) 257-4504","436 Main Rd","Ruidoso, NM 88345","http://www.foresthomecabins.com"
"235","Saxon","(607) 260-0242","1 Ford St","Alfred, NY 14802",NA
"236","Harborside Motel","(631) 887-3004","371 W Lake Dr","Montauk, NY 11954","http://www.montaukharborside.com"
"237","InterContinental New York Barclay","(855) 443-4505","111 E 48th St","New York, NY 10017","https://www.intercontinental.com/redirect?path=hd&brandCode=ic&hotelCode=nycha&_PMID=99601036&cm_mmc=ypm"
"238","InterContinental New York Times Square","(917) 970-7205","300 W 44th St","New York, NY 10036","https://www.intercontinental.com/redirect?path=hd&brandCode=ic&hotelCode=nychc&_PMID=99601036&cm_mmc=ypm"
"239","Off Soho Suites Hotel","(646) 902-5991","11 Rivington St","New York, NY 10002","http://www.offsoho.com"
"240","voco The Franklin New York","(929) 895-3175","164 E 87th St","New York, NY 10128","https://www.vocohotels.com/redirect?path=hd&brandCode=vx&hotelCode=nycvo&_PMID=99601036&cm_mmc=ypm"
"241","EVEN Hotels Brooklyn","(347) 815-8377","46 Nevins St","Brooklyn, NY 11217","https://www.evenhotels.com/redirect?path=hd&brandCode=vn&hotelCode=bxyev&_PMID=99601036&cm_mmc=ypm"
"242","Captain's Cove Motel","(910) 933-2509","6401 E Oak Island Dr","Oak Island, NC 28465","http://captainscovemotel.net"
"243","West Motel","(828) 360-3632","691 Andrews Rd","Murphy, NC 28906",NA
"244","America's Best Value Inn","(919) 734-4542","701 Us Highway 70 Byp E","Goldsboro, NC 27534","http://www.abvigoldsboro.com/"
"245","Knights Inn","(252) 355-5699","3435 S Memorial Dr","Greenville, NC 27834",NA
"246","McClusky Motor Motel","(701) 363-2507","394 Highway 200 NE","Mcclusky, ND 58463","http://mccluskymotormotel.com"
"247","Americas Best Value Inn & Suites Bismarck","(701) 223-8060","1505 Interchange Avenue","Bismarck, ND 58501","https://www.redlion.com/bismarck"
"248","Buckboard Inn","(844) 991-6416","1191 1st Ave NW","Beach, ND 58621",NA
"249","Watford Ridge Suites","(701) 770-2993","2076 125TH Ave NW","Watford City, ND 58854","http://www.watfordridge.com"
"250","Country Inn & Suites","(701) 258-4200","3205 N 14th St","Bismarck, ND 58503",NA
"251","Buxton Inn The","(740) 587-0001","313 W Broadway","Granville, OH 43023","http://www.buxtoninn.com"
"252","Buxton Inn The","(740) 587-0001","313 W Broadway","Granville, OH 43023","http://www.buxtoninn.com"
"253","InterContinental Suites Hotel Cleveland","(216) 465-7966","8800 Euclid Ave","Cleveland, OH 44106","https://www.intercontinental.com/redirect?path=hd&brandCode=ic&hotelCode=clehb&_PMID=99601036&cm_mmc=ypm"
"254","Super 8 Hotel","(740) 446-8080","321 Upper River Rd","Gallipolis, OH 45631","http://www.super8.com/hotels/hotel-overview?hotel_id=03336&tel=8005369326&wid=fe:se:20160201:yl:pp:senat:03336"
"255","Budget Inn","(580) 332-4995","1115 N Broadway Ave","Ada, OK 74820","http://www.budgetinn.com"
"256","Wayfarer Inn Woodward-Magnuson Worldwide","(580) 256-5553","2901 Williams Ave","Woodward, OK 73801","http://www.wayfarerinn.net"
"257","Ester Lee Motel","(888) 996-3606","3803 SW Highway 101","Lincoln City, OR 97367","http://www.esterlee.com"
"258","Antlers Inn","(541) 427-3492","103 E Main St","Ukiah, OR 97880",NA
"259","Traveler's Inn","(541) 600-3158","540 E Broadway","Eugene, OR 97401","http://www.eugenetravelersinn.net"
"260","EVEN Hotels Eugene","(541) 844-7546","2133 Centennial Plz","Eugene, OR 97401","https://www.evenhotels.com/redirect?path=hd&brandCode=vn&hotelCode=eugev&_PMID=99601036&cm_mmc=ypm"
"261","Scappoose Creek Inn","(503) 543-2740","53756 W Lane Rd","Scappoose, OR 97056","http://www.scappoosecreekinn.com"
"262","Montavilla Motel","(503) 255-4664","320 SE 99th Ave","Portland, OR 97216",NA
"263","Seven Feathers Casino Resort","(800) 548-8461","146 Chief Miwaleta Ln","Canyonville, OR 97417","http://sevenfeathers.com"
"264","Keystone Motel","(570) 263-5055","430 Woodward Ave","Lock Haven, PA 17745",NA
"265","Klein's Motel","(484) 258-9712","4800 5th Street Hwy","Temple, PA 19560","http://www.superpages.com/bp/Temple-PA/Kleins-Motel-L2032101420.htm?C=kleins+motel&L=kutztown+pa&lbp=1&TR=77&bidType=FLCLIK&PGID=yp420.8081.1255981160998.37231717383"
"266","Villa Como Inc.","(570) 798-2761","263 Como Rd","Lake Como, PA 18437","http://villacomopa.com"
"267","EVEN Hotels Pittsburgh Downtown","(412) 483-1990","425 Forbes Ave","Pittsburgh, PA 15219","https://www.evenhotels.com/redirect?path=hd&brandCode=vn&hotelCode=pitev&_PMID=99601036&cm_mmc=ypm"
"268","Christ Our Shepherd Center","(724) 834-7350","2900 Seminary Dr","Greensburg, PA 15601","http://www.dioceseofgreensburg.org/pages/default.aspx"
"269","avid hotels Lancaster","(717) 690-0600","2151 Lincoln Hwy E","Lancaster, PA 17602","https://www.avidhotels.com/redirect?path=hd&brandCode=va&hotelCode=lnsav&_PMID=99601036&cm_mmc=ypm"
"270","Wellington Resort","(401) 849-1770","551 Thames St","Newport, RI 02840","http://www.wellingtonresort.com"
"271","Newport Bay Club & Hotel","(401) 648-4153","337 Thames St, Unit 19","Newport, RI 02840","http://www.newportbayclub.com"
"272","SureStay Plus Hotel by Best Western","(401) 232-2400","355 George Washington Highway","Smithfield, RI 02917","http://www.innri.net"
"273","Adele Turner Inn","(401) 848-8011","93 Pelham St","Newport, RI 02840","http://www.adeleturner.com"
"274","Step Stone Hospitality","(401) 865-6901","333 Westminster St Ste 3","Providence, RI 02903","http://www.stepstonehospitality.com"
"275","Goosewing Hotels and Resorts","(401) 635-2222","4 S Of Commons Rd","Little Compton, RI 02837",NA
"276","Club Wyndham Newport Overlook","(401) 423-1886","150 Bay View Dr","Jamestown, RI 02835","http://www.extraholidays.com"
"277","Payne's Harbor View Inn","(401) 466-5758","582 Ocean Ave","Block Island, RI 02807","http://www.paynesharborviewinn.com"
"278","Liberty Travel","(877) 999-2101","400 Bald Hill Rd Ste 201","Warwick, RI 02886","http://www.libertytravel.com"
"279","The Sullivan House","(401) 466-5020","Corn Neck Rd.","Block Island, RI 02807","http://www.thesullivanhouse.com"
"280","Motel 6","(401) 848-0600","249 Connell Hwy","Newport, RI 02840","http://www.motel6.com"
"281","Hilltop Inn","(401) 619-0054","2 Kay St","Newport, RI 02840","http://www.hilltopnewport.com"
"282","The Chanler at Cliff Walk","(401) 847-1300","117 Memorial Blvd","Newport, RI 02840","http://thechanler.com"
"283","Sandcastle Beachfront Inn","(401) 596-6900","141 Atlantic Ave","Westerly, RI 02891","http://www.sandcastlebeachfrontinn.com"
"284","Omni","(401) 574-5770","14 Kipling St","Providence, RI 02907","http://www.omnihotels.com"
"285","Hamilton Village Inn","(401) 295-0700","642 Boston Neck Rd","North Kingstown, RI 02852","http://www.hamiltonvillageinn.com"
"286","Navy Lodge","(401) 849-4500","1354 Whipple St","Newport, RI 02840","http://navy-lodge.com"
"287","Admiral Fitzroy Inn","(401) 848-8000","398 Thames St","Newport, RI 02840","http://www.admiralfitzroy.com"
"288","Budget Inn North Kingstown","(401) 294-4888","7825 Post Rd","North Kingstown, RI 02852","http://budgetinn.info"
"289","Travelers Motor Lodge","(401) 765-3145","1210 Eddie Dowling Hwy","North Smithfield, RI 02896","http://www.travelersmotorlodge.com"
"290","Valley Inn","(401) 847-9871","2221 W Main Rd","Portsmouth, RI 02871","http://www.thevalleyinn.net"
"291","Best Western Airport Inn","(401) 737-7400","2138 Post Rd","Warwick, RI 02886","https://www.bestwestern.com/en_US/book/hotel-rooms.40007.html?iata=00171890&ssob=BLBWI0003G&cid=BLBWI0003G:yext:website:40007"
"292","Dream Vacations","(864) 435-9431","179 Sherbert St","Roebuck, SC 29376","http://www.cruiseone.com/btolleson"
"293","Ann Marie's Travel","(843) 651-4789","5 Spinnaker Ln","Murrells Inlet, SC 29576","http://www.cruiseshipcenters.com/AnnMarieReadler"
"294","Relax Inn","(843) 797-6864","2512 Ashley Phosphate Rd","North Charleston, SC 29418","http://www.yelp.com"
"295","Hillcrest Motel","(605) 775-2654","701 W Us Hwy 18","Burke, SD 57523",NA
"296","Holiday Motel","(605) 698-7644","2216 Sd Highway 10","Sisseton, SD 57262",NA
"297","White House Inn","(605) 225-5000","500 6th Ave SW","Aberdeen, SD 57401","http://www.aberdeenwhitehouseinn.com"
"298","TownePlace Suites by Marriott Aberdeen","(605) 277-4196","402 Norwood St S","Aberdeen, SD 57401","http://www.marriott.com/hotels/travel/abrts-towneplace-suites-aberdeen"
"299","Prairie Vista Inn","(844) 785-2864","204 E 1st Ave E","Faith, SD 57626","http://www.prairievistainn.com"
"300","BEST WESTERN Vermillion Inn","(605) 624-8333","701 W Cherry St","Vermillion, SD 57069","http://www.bestwestern.com"
"301","Inn Of Lenoir","(865) 657-7220","503 Highway 321 N","Lenoir City, TN 37771","http://innoflenoircitytennessee.com"
"302","A & W Motel","(931) 614-0976","1505 Madison St","Clarksville, TN 37040",NA
"303","Baymont Inn & Suites","(931) 456-9338","4038 Highway 127 N","Crossville, TN 38571","http://www.baymontinns.com/hotels/tennessee/crossville/baymont-crossville/hotel-overview"
"304","Red Sands Motel","(806) 637-6536","901 Lubbock Rd","Brownfield, TX 79316",NA
"305","Stamford Inn","(325) 773-2731","1402 N Swenson St","Stamford, TX 79553","http://stamfordinntx.com"
"306","America's Best Value Gameroom & Jimmy Bar","(409) 986-9777","5201 Gulf Fwy","La Marque, TX 77568","http://americasbestvalueinn.com"
"307","avid hotels Beaumont","(844) 427-0730","5400 Rexora Dr","Beaumont, TX 77707","https://www.avidhotels.com/redirect?path=hd&brandCode=va&hotelCode=bptav&_PMID=99601036&setPMCookies=true&cm_mmc=mdpr-_-dexess-_-va-_-BPTAV&glat=MEDI"
"308","Regency Inn & Suites","(877) 309-9984","7700 Will Clayton Pkwy","Humble, TX 77338",NA
"309","RE/MAX Horseshoe Bay Resort Sales","(830) 598-8726","7409 W Fm 2147","Horseshoe Bay, TX 78657","http://hsbresortsales.com"
"310","Emerald Inn & Suites","(281) 583-2050","707 Cypress Creek Pkwy","Houston, TX 77090",NA
"311","Inland Motel","(361) 534-3058","1010 Us Highway 181","Taft, TX 78390",NA
"312","Royal Inn","(361) 575-4531","3004 Houston Hwy","Victoria, TX 77901",NA
"313","Clarion Suites","(435) 256-8775","1239 S Main St","Saint George, UT 84770","http://www.stgeorgeclarionsuites.com"
"314","Virginian Motel The","(435) 259-5951","70 E 200 S","Moab, UT 84532","http://www.moab-utah.com/virginian"
"315","Super 8 Salina/scenic Hills Area","(435) 529-7483","375 E 1620 S","Salina, UT 84654","http://super8.com"
"316","Capitol Plaza Hotel & Conference Center","(802) 552-0722","100 State St","Montpelier, VT 05602","http://www.capitolplaza.com"
"317","Burlington Stagecoach LTD","(802) 598-4002","135 Waverly Cir","Colchester, VT 05446",NA
"318","The Combes Family Inn","(802) 228-8799","953 E Lake Rd","Ludlow, VT 05149","http://www.combesfamilyinn.com"
"319","Big Bears Lodge","(802) 464-5591","344 Route 100","West Dover, VT 05356","http://www.bigbearslodge.com"
"320","White Horse Inn","(802) 496-9448","999 German Flats Rd","Waitsfield, VT 05673","http://www.thewhitehorselodge.com"
"321","Inn At Mountain View Farm","(802) 626-9924","3383 Belden Hill Rd","East Burke, VT 05832","http://www.innmtnview.com"
"322","Paradise Inn","(802) 442-8351","141 Main St","Bennington, VT 05201","http://www.theparadisemotorinn.com"
"323","The Stowehof","(802) 253-9722","434 Edson Hill Rd","Stowe, VT 05672","https://thestowehof.com/?utm_medium=organic&utm_source=yext&utm_campaign=website"
"324","Budget Inn","(802) 479-3333","573 N Main St","Barre, VT 05641",NA
"325","Baxter Mountain House B & B","(802) 763-8824","1298 Faybrook Rd","Sharon, VT 05065","https://www.eventective.com/sharon-vt"
"326","Blueberry Hill Inn","(802) 247-6735","1245 Goshen Ripton Rd","Goshen, VT 05733","https://www.blueberryhillinn.com"
"327","Vermont House","(802) 464-3511","15 W Main St","Wilmington, VT 05363","http://www.vermonthouse.net"
"328","Seasons Pass Inn","(802) 253-7244","613 S Main St","Stowe, VT 05672",NA
"329","Ludlow Village Inn & Suites","(802) 228-8686","95 Main St","Ludlow, VT 05149","http://ludlowvillageinn.com"
"330","Chester House Inn","(888) 875-2205","266 Main St","Chester, VT 05143","http://www.chesterhouseinn.com"
"331","Overlook Park Bed & Breakfast","(855) 259-7362","1560 Spear St","South Burlington, VT 05403","http://www.bedandbreakfast.com/vermont-south-burlington-overlookparkbedandbreakfast.html?bid=18&aid=CD242&opt="
"332","Ho Hum Motel","(802) 863-4551","1660 Williston Rd","South Burlington, VT 05403",NA
"333","Fairbanks Inn","(802) 748-5666","401 Western Ave","Saint Johnsbury, VT 05819","http://www.stjay.com"
"334","Autumn Inn","(802) 447-7625","924 Main St","Bennington, VT 05201","http://www.theautumninn.com"
"335","Ira Allen House","(802) 362-2284","6311 Vt Route 7a","Arlington, VT 05250","http://www.iraallenhouse.com/rooms.html"
"336","Smugglers' Notch Resort","(802) 644-8851","4323 Vt Route 108 S","Jeffersonville, VT 05464","http://www.smuggs.com"
"337","Austrian Haus","(802) 464-3911","6 Abroad Rd","West Dover, VT 05356","http://austrianhaus.com"
"338","Harwood Hill Motel","(802) 442-6278","864 Harwood Hill Rd","Bennington, VT 05201","http://www.harwoodhillmotel.com"
"339","Wrinkles","(802) 362-7823","59 Union St","Manchester, VT 05254",NA
"340","Wingate BY Windham","(844) 352-9088","20 Sanford Dr","Fredericksburg, VA 22406","http://wingatehotels.com/hotels/destinations"
"341","Vip Motor Inn","(804) 271-6081","2301 Willis Rd","Richmond, VA 23237","http://vipmotorinn.com"
"342","Martha Kay Motel","(804) 256-7519","8811 Jefferson Davis Hwy","N Chesterfield, VA 23237","http://martha-kay-motel.business.site"
"343","A Swallow's Nest Motel","(206) 463-2646","6030 SW 248th St","Vashon, WA 98070","http://www.vashonislandcottages.com"
"344","Sleep Inn and Suites","(509) 661-0073","235 E Penny Rd","Wenatchee, WA 98801","https://www.choicehotels.com/washington/wenatchee/sleep-inn-hotels/wa349"
"345","Coho Charters & Motel","(360) 214-5990","237 Howerton Way SE","Ilwaco, WA 98624",NA
"346","EVEN Hotels Seattle Downtown - Lake Union","(206) 350-0400","527 Fairview Ave N","Seattle, WA 98109","https://www.evenhotels.com/redirect?path=hd&brandCode=vn&hotelCode=seasw&_PMID=99601036&cm_mmc=ypm"
"347","Tahitian Inn","(509) 416-2190","2724 W Lewis St","Pasco, WA 99301","https://tahitian-motor-inn.washington-state.net/es"
"348","Lopez Lodge","(360) 468-2071","37 Weeks Point Way","Lopez Island, WA 98261","http://www.lopezlodge.com"
"349","John Wayne's Water Front Resort of Sequim","(360) 681-3853","2634 West Sequim Bay Rd","Sequim, WA 98382","http://www.johnwaynewaterfrontresort.com"
"350","Landmark Motel","(715) 823-7899","5 N Main St","Clintonville, WI 54929","http://www.thelandmarkmotel.com"
"351","Sunset Motel","(715) 229-3647","713 E 3rd St","Owen, WI 54460","http://sunsetmotel.com"
"352","White Pines Lodge","(715) 787-4800","N9117 Big Lake Rd","Gresham, WI 54128","http://www.whitepineslodge.net"
"353","Nite Inn","(715) 355-1641","425 Grand Ave","Schofield, WI 54476","http://www.theniteinn.com"
"354","Badger Motel & Suites","(715) 723-9351","2997 S Prairie View Rd","Chippewa Falls, WI 54729","http://www.badgermotels.com"
"355","avid hotels Madison - Monona","(608) 999-4282","900 W Broadway","Monona, WI 53713","https://www.avidhotels.com/redirect?path=hd&brandCode=va&hotelCode=msnav&_PMID=99601036&cm_mmc=ypm"
"356","avid hotels Milwaukee West - Waukesha","(262) 688-4134","2101 Meadow Ln","Pewaukee, WI 53072","https://www.avidhotels.com/redirect?path=hd&brandCode=va&hotelCode=mkeav&_PMID=99601036&cm_mmc=ypm"
"357","Travel Inn","(307) 460-4103","262 N 3rd St","Laramie, WY 82072",NA
"358","Pahaska Tepee Resort","(307) 527-7701","183 N Fork Hwy, Ste 1","Cody, WY 82414","http://www.pahaska.com"
"359","Blackwater Creek Ranch","(307) 587-5201","1516 N Fork Hwy","Cody, WY 82414","http://www.blackwatercreekranch.com"
"360","Sands Inn","(877) 268-4760","1556 9th St","Rock Springs, WY 82901","https://twitter.com/lasvegassands"
"361","Diamond Suites: Extended Stay","(307) 234-9798","1014 W 15th St","Casper, WY 82604",NA
